bukrs,kokrs,gjahr,poper,kostl,kstar,kstar_name,waers,actual_amount,plan_amount
1000,1000,2026,1,4001000,420000,Personnel & production costs,USD,182500,175000
1000,1000,2026,1,4002000,476000,Logistics & freight costs,USD,96500,100000
1000,1000,2026,1,4003000,617000,Corporate overhead allocation,USD,54200,52000
1000,1000,2026,1,4004000,490000,IT operating costs,USD,71000,65000
1000,1000,2026,2,4001000,420000,Personnel & production costs,USD,191200,175000
1000,1000,2026,2,4002000,476000,Logistics & freight costs,USD,102300,100000
1000,1000,2026,2,4003000,617000,Corporate overhead allocation,USD,53800,52000
1000,1000,2026,2,4004000,490000,IT operating costs,USD,68900,65000
1000,1000,2026,3,4001000,420000,Personnel & production costs,USD,178300,177000
1000,1000,2026,3,4002000,476000,Logistics & freight costs,USD,99100,101000
1000,1000,2026,3,4003000,617000,Corporate overhead allocation,USD,55600,53000
1000,1000,2026,3,4004000,490000,IT operating costs,USD,74200,67000
1000,1000,2026,4,4001000,420000,Personnel & production costs,USD,205100,180000
1000,1000,2026,4,4002000,476000,Logistics & freight costs,USD,108700,102000
1000,1000,2026,4,4003000,617000,Corporate overhead allocation,USD,54900,54000
1000,1000,2026,4,4004000,490000,IT operating costs,USD,72100,68000
1000,1000,2026,4,4009000,476000,Logistics & freight costs,USD,15000,12000
1000,1000,2026,5,4001000,420000,Personnel & production costs,USD,187600,182000
1000,1000,2026,5,4002000,476000,Logistics & freight costs,USD,99800,103000
1000,1000,2026,5,4003000,617000,Corporate overhead allocation,USD,55100,54000
1000,1000,2026,5,4004000,490000,IT operating costs,USD,69700,68500
1000,1000,2026,6,4001000,420000,Personnel & production costs,USD,196400,184000
1000,1000,2026,6,4002000,476000,Logistics & freight costs,USD,104200,103500
1000,1000,2026,6,4003000,617000,Corporate overhead allocation,USD,56200,55000
1000,1000,2026,6,4004000,490000,IT operating costs,USD,70800,69000
