gjahr,poper,werks,lgort,matnr,material_desc,labst,minbe
2026,1,1010,0001,100001,Steel Coil 2mm,12400,11000
2026,1,1020,0001,100002,Packaging Crates,8800,9500
2026,2,1010,0001,100001,Steel Coil 2mm,13100,11000
2026,2,1020,0001,100002,Packaging Crates,9600,9500
2026,3,1010,0001,100001,Steel Coil 2mm,11800,11000
2026,3,1020,0001,100002,Packaging Crates,9100,9500
2026,4,1010,0001,100001,Steel Coil 2mm,14200,11500
2026,4,1020,0001,100002,Packaging Crates,10300,9500
2026,5,1010,0001,100001,Steel Coil 2mm,12900,11500
2026,5,1020,0001,100002,Packaging Crates,9200,9500
2026,6,1010,0001,100001,Steel Coil 2mm,13600,11500
2026,6,1020,0001,100002,Packaging Crates,9900,9500
