gjahr,poper,kostl,productivity_index,headcount
2026,1,4001000,0.94,48
2026,1,4002000,0.88,22
2026,1,4003000,1.05,15
2026,1,4004000,0.97,19
2026,2,4001000,0.91,48
2026,2,4002000,0.85,23
2026,2,4003000,1.07,15
2026,2,4004000,0.99,19
2026,3,4001000,0.96,49
2026,3,4002000,0.90,23
2026,3,4003000,1.03,16
2026,3,4004000,0.95,20
2026,4,4001000,0.87,50
2026,4,4002000,0.82,24
2026,4,4003000,1.06,16
2026,4,4004000,0.98,20
2026,5,4001000,0.93,50
2026,5,4002000,0.92,24
2026,5,4003000,1.04,16
2026,5,4004000,1.00,20
2026,6,4001000,0.90,51
2026,6,4002000,0.87,25
2026,6,4003000,1.02,16
2026,6,4004000,0.97,21
