month,cost_center,area,actual_usd,budget_usd,inventory_units,inventory_target_units,productivity_index,headcount
2026-01,CC-1001,Manufacturing,182500,175000,12400,11000,0.94,48
2026-01,CC-2002,Supply Chain,96500,100000,8800,9500,0.88,22
2026-01,CC-3003,Finance & Controlling,54200,52000,0,0,1.05,15
2026-01,CC-4004,IT / Digital,71000,65000,0,0,0.97,19
2026-02,CC-1001,Manufacturing,191200,175000,13100,11000,0.91,48
2026-02,CC-2002,Supply Chain,102300,100000,9600,9500,0.85,23
2026-02,CC-3003,Finance & Controlling,53800,52000,0,0,1.07,15
2026-02,CC-4004,IT / Digital,68900,65000,0,0,0.99,19
2026-03,CC-1001,Manufacturing,178300,177000,11800,11000,0.96,49
2026-03,CC-2002,Supply Chain,99100,101000,9100,9500,0.90,23
2026-03,CC-3003,Finance & Controlling,55600,53000,0,0,1.03,16
2026-03,CC-4004,IT / Digital,74200,67000,0,0,0.95,20
2026-04,CC-1001,Manufacturing,205100,180000,14200,11500,0.87,50
2026-04,CC-2002,Supply Chain,108700,102000,10300,9500,0.82,24
2026-04,CC-3003,Finance & Controlling,54900,54000,0,0,1.06,16
2026-04,CC-4004,IT / Digital,72100,68000,0,0,0.98,20
2026-05,CC-1001,Manufacturing,187600,182000,12900,11500,0.93,50
2026-05,CC-2002,Supply Chain,99800,103000,9200,9500,0.92,24
2026-05,CC-3003,Finance & Controlling,55100,54000,0,0,1.04,16
2026-05,CC-4004,IT / Digital,69700,68500,0,0,1.00,20
2026-06,CC-1001,Manufacturing,196400,184000,13600,11500,0.90,51
2026-06,CC-2002,Supply Chain,104200,103500,9900,9500,0.87,25
2026-06,CC-3003,Finance & Controlling,56200,55000,0,0,1.02,16
2026-06,CC-4004,IT / Digital,70800,69000,0,0,0.97,21
